name,type,c_in,c_out,kernel,stride,pad
encoder.enc_layer1.0,conv,3,32,3,2,1
encoder.enc_layer2.0.0,dwconv,32,32,3,1,1
encoder.enc_layer2.1.0,pwconv,32,64,1,1,0
encoder.enc_layer3.0.0,dwconv,64,64,3,2,1
encoder.enc_layer3.1.0,pwconv,64,128,1,1,0
encoder.enc_layer4.0.0,dwconv,128,128,3,1,1
encoder.enc_layer4.1.0,pwconv,128,128,1,1,0
encoder.enc_layer5.0.0,dwconv,128,128,3,2,1
encoder.enc_layer5.1.0,pwconv,128,256,1,1,0
encoder.enc_layer6.0.0,dwconv,256,256,3,1,1
encoder.enc_layer6.1.0,pwconv,256,256,1,1,0
encoder.enc_layer7.0.0,dwconv,256,256,3,2,1
encoder.enc_layer7.1.0,pwconv,256,512,1,1,0
encoder.enc_layer8.0.0,dwconv,512,512,3,1,1
encoder.enc_layer8.1.0,pwconv,512,512,1,1,0
encoder.enc_layer9.0.0,dwconv,512,512,3,1,1
encoder.enc_layer9.1.0,pwconv,512,512,1,1,0
encoder.enc_layer10.0.0,dwconv,512,512,3,1,1
encoder.enc_layer10.1.0,pwconv,512,512,1,1,0
encoder.enc_layer11.0.0,dwconv,512,512,3,1,1
encoder.enc_layer11.1.0,pwconv,512,512,1,1,0
encoder.enc_layer12.0.0,dwconv,512,512,3,1,1
encoder.enc_layer12.1.0,pwconv,512,512,1,1,0
encoder.enc_layer13.0.0,dwconv,512,512,3,2,1
encoder.enc_layer13.1.0,pwconv,512,1024,1,1,0
encoder.enc_layer14.0.0,dwconv,1024,1024,3,1,1
encoder.enc_layer14.1.0,pwconv,1024,1024,1,1,0
decoder.conv1.0.0,dwconv,1024,1024,5,1,2
decoder.conv1.1.0,pwconv,1024,512,1,1,0
decoder.conv2.0.0,dwconv,512,512,5,1,2
decoder.conv2.1.0,pwconv,512,256,1,1,0
decoder.conv3.0.0,dwconv,256,256,5,1,2
decoder.conv3.1.0,pwconv,256,128,1,1,0
decoder.conv4.0.0,dwconv,128,128,5,1,2
decoder.conv4.1.0,pwconv,128,64,1,1,0
decoder.conv5.0.0,dwconv,64,64,5,1,2
decoder.conv5.1.0,pwconv,64,32,1,1,0
decoder.output.0,pwconv,32,1,1,1,0
