index,name,type,runs_on,K,C_out,out_pixels,MACs
0,enc0,conv,NPU,27,32,3072,2654208
1,enc1dw,dwconv,CPU,9,32,3072,884736
2,enc1pw,pwconv,NPU,32,64,3072,6291456
3,enc2dw,dwconv,CPU,9,64,768,442368
4,enc2pw,pwconv,NPU,64,128,768,6291456
5,enc3dw,dwconv,CPU,9,128,768,884736
6,enc3pw,pwconv,NPU,128,128,768,12582912
7,enc4dw,dwconv,CPU,9,128,192,221184
8,enc4pw,pwconv,NPU,128,256,192,6291456
9,enc5dw,dwconv,CPU,9,256,192,442368
10,enc5pw,pwconv,NPU,256,256,192,12582912
11,enc6dw,dwconv,CPU,9,256,48,110592
12,enc6pw,pwconv,NPU,256,512,48,6291456
13,enc7dw,dwconv,CPU,9,512,48,221184
14,enc7pw,pwconv,NPU,512,512,48,12582912
15,enc8dw,dwconv,CPU,9,512,48,221184
16,enc8pw,pwconv,NPU,512,512,48,12582912
17,enc9dw,dwconv,CPU,9,512,48,221184
18,enc9pw,pwconv,NPU,512,512,48,12582912
19,enc10dw,dwconv,CPU,9,512,48,221184
20,enc10pw,pwconv,NPU,512,512,48,12582912
21,enc11dw,dwconv,CPU,9,512,48,221184
22,enc11pw,pwconv,NPU,512,512,48,12582912
23,enc12dw,dwconv,CPU,9,512,12,55296
24,enc12pw,pwconv,NPU,512,1024,12,6291456
25,enc13dw,dwconv,CPU,9,1024,12,110592
26,enc13pw,pwconv,NPU,1024,1024,12,12582912
27,dec1dw,dwconv,CPU,25,1024,12,307200
28,dec1pw,pwconv,NPU,1024,512,12,6291456
29,dec1up,upsample,CPU,0,512,48,0
30,dec2dw,dwconv,CPU,25,512,48,614400
31,dec2pw,pwconv,NPU,512,256,48,6291456
32,dec2up,upsample,CPU,0,256,192,0
33,dec2add,add,CPU,0,256,192,0
34,dec3dw,dwconv,CPU,25,256,192,1228800
35,dec3pw,pwconv,NPU,256,128,192,6291456
36,dec3up,upsample,CPU,0,128,768,0
37,dec3add,add,CPU,0,128,768,0
38,dec4dw,dwconv,CPU,25,128,768,2457600
39,dec4pw,pwconv,NPU,128,64,768,6291456
40,dec4up,upsample,CPU,0,64,3072,0
41,dec4add,add,CPU,0,64,3072,0
42,dec5dw,dwconv,CPU,25,64,3072,4915200
43,dec5pw,pwconv,NPU,64,32,3072,6291456
44,dec6pw,pwconv,NPU,32,1,3072,98304
45,out_up,upsample,CPU,0,1,12288,0
,total,,,,,,180111360
